customer_id,age,monthly_spend,tenure_months,support_calls,region,churn
C001,28,49.5,6,1,north,0
C002,41,88.2,24,4,south,1
C003,35,72.1,18,2,east,0
C004,52,120.3,36,6,west,1
C005,23,39.9,4,0,north,0
C006,46,95.0,30,3,south,0
C007,31,67.4,14,1,east,0
C008,58,150.2,48,7,west,1
C009,39,81.6,22,4,north,1
C010,27,45.8,8,0,south,0
C011,49,110.7,34,6,east,1
C012,33,69.2,16,2,west,0
C013,61,142.8,52,8,north,1
C014,26,42.5,5,0,south,0
C015,44,97.3,28,5,east,1
C016,37,76.9,20,3,west,0
C017,55,128.4,41,7,north,1
C018,29,53.7,10,1,south,0
C019,47,102.1,31,5,east,1
C020,34,63.8,13,2,west,0
